ID,Publication,Alternate Name,Location (City),Owners/Publishers,Year founded,Year ceased,Frequency of publication,Format,Languages published,HMerge:Political/Social affiliation,Historical notes + impact,Archive/Call Number,Website/Archive,HMerge:Target audience,Primary focus/Content areas,"Medium/Distribution method (e.g. Print, Digital)",Mission statement or editorial philosophy,Key staff members,HMerge:Challenges faced,HMerge:Community impact,HMerge:Notes,Added by,HMerge:About,Tags,Sources
3,The Camden News,,Camden,Camden News Publishing Co,1915,1918?,Weekly,Periodicals,English,,,,,,Newspaper,Print,,Previous editor(s): C. N. Green.,,,,Amanda Alicea,,,
15,African World,,Hillside,African World,1994,?,Monthly,Periodicals,English,,,OCLC no. 36178031,https://search.worldcat.org/title/36178031,,Africa/ African Americans,Print,“The People’s Link”,Previous editor (s): Imafidou Olaye.,,,,Amanda Alicea,,,
33,The Black Observer,,Camden,Stephen A. Granger,1968,?,Unknown,Newspaper,English,,,,,,Newspapers,Print,“Power is the Only Argument that Satisfies Man.”,"Previous editor(s): Stephen A. Granger. ",,,,Amanda Alicea,,,
42,Essex Forum,,East Orange,Multi-Linear Publications,1972,?,Biweekly,Newspaper,English,,,LCNC: sn88071370/ OCLC: 18514779,https://www.loc.gov/item/sn88071370/,,News,Print,"""A weekly newspaper serving Orange, Montclair and E. Orange,"" June 29, 1972-<July 26, 1973>; ""A biweekly newspaper serving Metropolitan Essex County,"" <Feb. 14-Mar. 21, 1972>",,,,,Amanda Alicea,"Target Audience: African American
",,
2,The Jersey Express,,Montclair,Rumble Printing Service,1932?,?,Weekly,Newspaper,English,,,,,,Newspaper,Print,,Previous editor(s): Melvin B. Johnson,,,,Amanda Alicea,,,
28,Black Newark,,Newark,Committee for Unified Newark,1968,1974,Monthly,Print Newspaper,English,,,LCNC:  sn2001062056/OCLC No. 32993495,https://www.loc.gov/item/sn2001062056/,,"Politics, News, Protest literature, Protest works.",Print,"“The Voice of New Ark’s Inner City.” ","Previous editor(s): Abu Ansar, Apr-Nov 1968; Yusef Iman, Jan 1970; Daoud Abdullah, Jan 1970; Simba Risasi, Apr-May 1972.",,,,Amanda Alicea,"Published under 3 different title throughout run of publication:  	Black Newark (1968)[16] /
Black News (1969)[17] /
Black New Ark (1972–1974)[15]

Succeeding Titles: Black News ",,
31,The Echo,,Long Branch/Red Bank,Rock & Howard,1904,1943,Weekly,Newspaper,English,,,LCNC:  sn88071050/ OCLC: 17494843,https://www.loc.gov/item/sn88071050/,,"
• African Americans--New Jersey--Newspapers.
• African Americans.--fast--(OCoLC)fst00799558
• New Jersey.--fast--(OCoLC)fst01208379",Print,,"Rock, William E.
Howard, Reuben J.",,,,Amanda Alicea,"- Began in 1904; ceased in 1943. Cf. Wright, W.C. and Stellhorn, P.A. Direct. of N.J. newspapers.
-  ""The oldest colored paper in New Jersey.""
-  Published in Red Bank, N.J., <1910>-1943.
-  ""Published weekly in interest of Negro race.""
-  Description based on: Vol. 1, no. 22 (Jan. 12, 1905).",,
35,New Jersey Afro-American,,Newark,John Oliver Jr,1941,?,Weekly,Newspaper,English,,,"LCCN: sn 84025926
OCLC no. 2634939, 2264866.",https://www.loc.gov/item/sn84025926/,,Newspaper,Print,"“Champion of Civic Welfare and the Square Deal.” 
""[T]he longest running and most widely read black newspaper in New Jersey.”","Previous editor(s): Cliff MacKay, July 1 1954-Feb 3 1968; Moses J. Newson, Feb 10 1968-July 8 1978; Raymond H. Boone, July 15 1978-Apr 11 1981; Robert C. Queen, Apr 18 1981-Oct 11 1986; Robert W. Matthews, Oct 19 1986- [Feb 6 1988]. ",,,,Amanda Alicea,"• Adopted Afro-American numeration in 1979.
• Also issued on microfilm from University Microfilms International.

Circulation of 14,609 in 1951.",,
9,The Newark Herald,,Newark,Newark Herald Pub. Co.,1928,1939,Weekly,Newspaper,English,,,LCCN: sn 88071222/OCLC no: 2696527,https://search.worldcat.org/title/2696527,,"News ",Print,,,,,,Amanda Alicea,"-  Weekly
-  Began in 1928; ceased in 1939?
-  Description based on: Vol. 11, no. 18 (June 11, 1938).",,
24,The Newark Herald,,Newark,,1938,1999,Unknown,Newspaper,English,,,OCLC no. 2696527/LCCN no. 2012210650,,,African American newspapers,Print,,,,,,Amanda Alicea,,,
27,	Greater News,,Newark,Greater News of Northern New Jersey,1979?,,Weekly,Newspaper/Periodicals,English,,,OCLC no. 20252858,,,Newspaper,Print,,Editor: Jeanne Jason,,,,Amanda Alicea,"$19.50 for individuals and institutions.
Variant title(s): National Greater News. New Jersey Greater News.",,
37,The New Jersey Guardian,,Newark,N.J. Guardian Pub. Co.,1934,1942,Weekly,Newspaper,English,,,LCCN: sn 89069097/OCLC no. 19016511,https://www.loc.gov/item/sn89069097/,,Newspaper,Print,"“Voice of the Colored People.” ",Previous editor (s): F. R. Clark,,,,Amanda Alicea,"Began with Sept. 29, 1934 issue; ceased in 1942?
""Voice of the Colored People.""
Description based on: Vol. 6, no. 27 (Oct. 28, 1939).",,
39,The Forum,,Newark," Forum Publications",1970s,?,Biweekly,Newspaper,English,,,LCCN no: sn88071371/OCLC no: 18514783,https://www.loc.gov/item/sn88071371/,,News,Print,"""Serving the New Jersey black community.""",,,,,Amanda Alicea,"""Serving the New Jersey black community.""",,
14,New Jersey Record,,Newark,,?,,,,,,,,,,,,,,,,,,,,
16,New Jersey Herald News,,Newark,New Jersey Herald News Pub. Co,1938,1966,Weekly,Newspaper,English,,,LCCN no: sn84025698/OCLC no. 10284983,https://www.loc.gov/item/sn84025698/,,Newspaper,Print,,"Previous editor (s): Oliver W. Brown. Supersedes: Absorbed: Newark Herald. Merged with: Advance to form: Herald-Advance. ",,,,Amanda Alicea,"• ""Black publication."" Cf. Ayer, 1967.
• ""Independent."" Cf. Ayer, 1967.
• ""Owned and published by New Jersey Negroes.""
• Description based on: Vol. 1, no. 3 (May 21, 1938).
• Editor: O.W. Brown, <Dec. 8, 1962>.
•Circulation of 28,371 in 1951

Preceding Titles
• https://www.loc.gov/item/sn88071222/
Succeeding Titles
• https://www.loc.gov/item/sn85035693/",,
18,The Liberator,,Paterson,Theodore Hinton,1950,?,Weekly,Periodicals,English,,,,,,Newspaper,Print,,Previous editor (s): Theodore Hinton,,,,Amanda Alicea,,,
21,Nite Lite,,Newark,Edna M. Strothers,1959?,?,Weekly,"Journal, Magazine",English,,,OCLC no. 990372129,https://search.worldcat.org/en/title/990372129,,Newspaper,Print,"“Be in the know, on where to go.” ",,,,,Amanda Alicea,,,
26,Harambee,,Orange,"Just Us Books, Inc.",1990?,,Bimonthly,Newspaper/Periodicals,English,,,OCLC no. 25266785,https://search.worldcat.org/title/25266785,"Children, students","Newspaper, Youth, Children, History, Culture.",Print,“A newspaper for young readers that focuses on the African American experience.”,,,,"$15 for individuals and institutions. ",Amanda Alicea,,,
38,New Jersey Trumpet,,Newark,William Murrell,1887,1897,Weekly,Newspaper,English,,,LCCN: sn 87068175/OCLC no. 15671833,https://www.loc.gov/item/sn87068175/,,Newspaper,Print,,Publisher: William Murrell,,,,Amanda Alicea,"-  Began with Dec. 29, 1887 issue; ceased in 1897?
-  Published in Newark, N.J., 1889-1897. 
-  Description based on: Vol. 1, no. 36 (Sept. 1, 1888).
-Billed as a “newspaper for young readers that focuses on the African American experience.”",,
11,The Northern New Jersey Informer,,Paterson,,1950,?,Weekly,Periodicals,English,,,,,,Newspaper,Print,,,,,,Amanda Alicea,,,
13,City News,,Plainfield,Henry O. Johnson.,1983,?,Weekly,Newspaper,English,,,,,,News,Print,,Editor:  Jan Edgenton Johnson,,,,Amanda Alicea,,,
30,North Jersey Independent,,Paterson,,1950,?,Unknown,Periodicals,English,,,,,,Newspaper,Print,,"Previous editor(s): Albert E. Hart ",,,,Amanda Alicea,"Circulation of 26,498 in 1951",,
41,The Voice,,Plainfield,"The Voice Associates, Inc.",1968,1974?,Weekly,Newspaper,English,,,,,,Newspaper,Print,,,,,,Amanda Alicea,,,
5,The Connection / North Jersey Connection,,Teaneck," Ralph F. Johnson",1982?,?,Biweekly,Newspaper,English,,,LCCN no: sn88071369/OCLC no: 18514803,https://www.loc.gov/item/sn88071369/,,,Print,"""Largest African-American weekly newspaper in New Jersey.”",Publisher:  Ralph F. Johnson,,,,Amanda Alicea,"• Extant through at least 1991.
• Published by Ralph F. Johnson.
•  ""News from a Black perspective.""
•  ""Largest African-American weekly newspaper in New Jersey.”

Preceded by: North Jersey Connection",,
7,The Citizen,,Princeton,W.H. Du Paur,1909,?,Weekly,Periodicals,English,,,OCLC no. 38227497,,,Newspaper,Print,"""A weekly newspaper devoted to the moral, intellectual, and industrial improvement of the Negro race.”",Previous editor(s): Henry J. Auston.,,,,Amanda Alicea,,,
8,South Jersey Journal,,Swedesboro,Shirley Johnson,2011,,Monthly,Newspaper,English,,,,,,"News, entertainment, lifestyle",Print,,Owned by Shirley Johnson,,,,Amanda Alicea,"South Jersey Journal provides news and information relevant to South Jersey’s growing African American community. South Jersey Communications, LLC publishes the free monthly publication.The Journal published its first edition in September 2011 and is now available at select retail locations including CVS, Shop Rite and Wawa stores throughout South Jersey.",,
34,The Landscape,,Saddle River,A. P. Smith,1885?,1901,Monthly,Newspaper,English,,,,,,Local news,"Print ",,Previous editor(s): A. P. Smith,,,Supersedes: A.P. Smith’s Paper,Amanda Alicea,,,
44,The Franklin Voice,,Somerset,Paula McCoy-Pinderhughes,1996,,Monthly,Newspaper/Periodicals,English,,,OCLC no. 36814737,https://search.worldcat.org/title/36814737,,Newspaper,Print,,Editor: Paula McCoy-Pinderhughes,,,,Amanda Alicea,,,
4,Black In Jersey,,Trenton,Founder: Tennyson Coleman,2021,,Weekly,Digital Newspaper,English,,,,https://www.blackinjersey.com/,Black community,"News, Culture",Online,"Our Voices, Our Perspectives ",Founder: Tennyson Coleman,,,,Amanda Alicea,,,
6,Front Runner New Jersey,,Atlantic City,President: Clyde Hughes,2017,,Irregular,Multimedia news platform,English,,,,https://frontrunnernewjersey.com/,"African Americans in South Jersey ",African-American & Latino culture and leadership in South Jersey.,Multimedia,,President: Clyde Hughes,,,,Amanda Alicea,,,
10,"The Sentinel ",,Trenton,R. Henri Herbert,1880,,Weekly,Newspaper,English,,,OCLC no. 664615924/LC card no. 664615924,https://www.loc.gov/item/2014254331/,,Newspaper,Print,"""Trenton’s first – and one of the state’s earliest – Black newspapers.”","Founded, edited and published by R. Henri Herbert.",,,,Amanda Alicea,"Trenton’s first – and one of the state’s earliest – Black newspapers.""[1]
Merged into Trenton Herald.[1]
Supersedes: Expositor. ",,
40,The Nubian News,,Trenton,Kamau Kujichagulia,1989?,,Monthly,Newspaper,English/Some spanish,,,OCLC no. 28588271,,,Newspaper,Print,"""New Jersey's only African-American-Hispanic news source.”","Editor: Kamau Kujichagulia, Previous editor(s): Pamela A. Sims",,,,Amanda Alicea,,,
20,New Jersey Urban News,,Newark,Penda Howell,2018,,Daily,Digital,English,,,,https://njurbannews.com/,African American community,"Local news, stories often overlooked by mainstream media",Online,“A Voice for the Voiceless.”,"CEO, Publisher, Co-Founder: Penda Howell
Co-founder, COO: Dorothy Howell",,,,Amanda Alicea,,,
22,Ark Republic,,Newark,Dr. Kaia Niambi Shivers,2017,,Daily,Multi-media news website,English,,,,https://www.arkrepublic.com/,,"News, features, culture",Online,,Publisher/Founder: Dr. Kaia Niambi Shivers,,,,Amanda Alicea,,,
25,Atlantic City Focus,,Atlantic City,Mark Tyler,2022,,Daily,News and media website,English,,,,https://www.atlanticcityfocus.com/,,"News, politics, art, entertainment, black history, culture",Online,"“If It's Important to you, It's important to us!”",Founder/Publisher: Mark Tyler,,,,Amanda Alicea,,,
29,Faithfully Magazine,,Hillside,https://nicolamenzieonline.com/,2016,,Daily,Multimedia news platform,English,,,,https://faithfullymagazine.com/,Christian communities of color,"Religion, news",Online/Print,,Founder/Managing Editor: https://nicolamenzieonline.com/,,,,Amanda Alicea,,,
32,Trenton365 Stream with Jacque Howard,,Trenton,Jacque Howard,2016,,Daily,Radio stream,English,,,,https://jacque-howard.com/trenton365-stream,,"News,  Health, Arts & Culture",,A micro-media organization that encourages people and organizations to be more civically engaged.,Founder: Jacque Howard,,,,Amanda Alicea,,,
43,"Public Square Amplified ",,Newark,Josie Gonsalves - Founder and Executive Director,2021,,Daily,Grassroots local nonprofit newsroom,English,,,,https://www.publicsq.org/,Newark’s five wards,"News. environment, arts & culture",Online,"PSA positions journalism as a civic tool and creates a pipeline for a new cadre of local journalists of color representing their geographic and ethnic communities. ","Josie Gonsalves - Founder and Executive Director
Renee Johnston - Digital Administrator",,,,Amanda Alicea,,,
12,Five Wards Media,,Newark,"Brit Harley, Director and Co-Founder",2021,,Weekly,Multimedia news platform,English,,,,https://www.fivewardsmedia.com/,,"News, arts, information needs",Digital newspaper,"To honor and amplify our community's vibrant stories, culture, and information needs.","Brit Harley, Director and Co-Founder",,,,Amanda Alicea,,,
17,"Trenton Journal ",,Trenton,"Kenneth Miles ",2021,,Daily,Multimedia news platform,English,,,,https://trentonjournal.com/,,Aims to address the information gaps and amplify voices in New Jersey’s capital city through solutions-based journalism.,"Online, website","To provide the people of Trenton with accurate, independent, and meaningful journalism that informs, empowers, and uplifts our community.","Kenneth Miles, Publisher",,,,Amanda Alicea,,,
19,NJ in Color,,Leonia,"Tevra Francis, Publisher",,,Daily,Multimedia news platform,English,,,,https://njincolor.com/,,"News, arts & culture, community events",Digital newspaper,"NJ In Color is a platform designed to introduce you to all of the people, places, and personalities that make North Jersey so special. ","Tevra Francis, Publisher",,,,Amanda Alicea,,,
23,The Newark Times,,Newark,Tehsuan Glover - Publisher,2014,,Daily,Multimedia news platform,English,,,,https://thenewarktimes.com/,,"News, arts, business, science & technology, lifestyle, food & drink, Finance",Digital newspaper,"The Newark Times is dedicated to sharing the perspectives and narratives of Newark’s history, emergence, challenges, and triumphs with dignity, honesty, and candor.","Tehsuan Glover - Publisher
Viviana Salgado - Creative Director",,,,Amanda Alicea,,,
36,More Jersey,,,,,,Monthly,Community media organization,English,,,,MoreJersey.com,," Local businesses and organizations, community events",Online,"More Jersey is a community media startup with a statewide footprint, dedicated to connecting individuals with local businesses and organizations, informing communities of activities to enhance their lives, and inspiring NJ residents to take action.",,,,,Amanda Alicea,,,
1,Hype,,River Edge,"Word Up! Video, Inc.",1990?,1993,Bimonthly,,,,,,,," Hip hop culture, Music, Rap music",,,,,,,Cassandra Etienne,,,
46,The African Voice,,Camden,The Black Cooperative Association,1972?,?,Monthly,Periodicals,English,,,OCLC no. 29338865,,,"Politics, Rutgers University (Camden, NJ), Africa, Book reviews, Community newsletter.",Print,,,,,,Amanda Alicea,,,
45,Apex News,,Atlantic City,Apex Publishing Co.,1929,1940?,Quarterly,Periodicals,English,,,"OCLC no. 32234574

",https://archive.org/details/africanamericanne00dank/page/46/mode/2up?view=theater,,"Fashion, Family, Marriage, Interior Decorating, General Interest, Poetry",Print,"""The national magazine for Apex beauticians and agents.”",Editor: Archie J. Morgan.,,,,Amanda Alicea,,,
47,Artz,,Plainfield,City News Publishing Co.,1991,1993?,Monthly,"Periodicals, photographs",English,,,OCLC no. 33107872,https://archive.org/details/africanamericanne00dank/page/50/mode/2up?view=theater,,"Art, Entertainment",Print,"""The entertainment magazine.""

","Editors: Lorraine Davis Hickman, Mar-Sept 1992; Jan M. Edgerton-Johnson, Oct 1992-Summer 1993",,,,Amanda Alicea,,,
124,The Best of Rap & R&B,,Paramus,"Word Up! Publications, Inc.",1988,,Bimonthly,Uncataloged serials,English,,,,,Music enthusiasts?,"Music, Hip hop culture, Rap music, Rhythm and Blues ",Print,,"Nathasha Brooks-Everett, Editor",,,,Amanda Alicea,,,
48,"Ash Can ",,Chatsworth,"Civilian Conservation Corps, Company 1284-C",1935,"June, 1935",Monthly,"Periodicals, line drawings, photographs",English,,,OCLC no. 29252904,https://archive.org/details/africanamericanne00dank/page/50/mode/2up,Civilian Conservation Corps.,Civilian Conservation Corps.,Print,,Previous editor(s): Bertram Totten. Superseded by: Penn Crusader,,,"The enrollees in this particular C.C.C. camp appear to have been entirely African American

",Amanda Alicea,,,
49,At the Crossroads,,New Brunswick,Crossroads Theatre Company,1997,,Six times a year,Periodicals,English,Crossroads Theatre Company,,,,Theatre actors/performers,"Drama, Crossroads Theatre Company",Print,,Ernie Johnston,,,,Amanda Alicea,,,
62,Afro-American Festival of the Arts Magazine,,Newark,Yusef Iman,1966?,?,Unknown,"Poetry, short stories, essays",English,,,OCLC no. 37049846,,,"Poetry, Short stories, Essays",Print magazine,,Yusef Iman,,,,Amanda Alicea,,,
119,Black Atlantic City Magazine,,Atlantic City,"BAC Publishing, Inc. ",1978,?,Six times a year,Uncataloged periodicals,English,,,OCLC no. 36831017,,,"General interest, Entertainment, Atlantic City, NJ",Print,,Previous editor(s): J. H. Lyles-Belton.,,,,Amanda Alicea,,,
85,"Black Book Connection, Inc. Newsletter",,West Orange,"The Black Book Connection, Inc.",1992,,Bimonthly,Bibliographies/Periodicals,English,,,OCLC no. 30786651.,,"Authors, readers","Book reviews, Calendar, Books and reading",Print,"“Your link to Black authors, Black titles, and Black concerns.”",,,,,Amanda Alicea,,,
99,Black Caucus of ALA Newsletter,,,,1971,,Bimonthly,,,,,,,,"Libraries, Education",,,,,,,Amanda Alicea,,,
52,Black Journal,,Jersey City,"Jersey City State College, Affican/AfroAmerican Studies Center",1979?,?,Monthly,Uncataloged serials,English,Jersey City State College,,,,College students,"African-American studies, Colleges and Universities — Students",Print,,Previous editor(s): Bruce Mansa,,,,Amanda Alicea,,,
77,Black New Jersey Magazine,,Atlantic City,BAC Pub,1988?,,Bimonthly,Periodicals,English,,,OCLC No. 36835907,,,"Business, New Jersey media",Print,,Previous editor(s): Barbara Johnson,,,,Amanda Alicea,,,
64,Black Racers Yearbook,,Trenton,Black American Racers Association,1974,?,Annual,Biographies/periodicals,English,,,OCLC no. 33901207,,Racers,Automobile racing,Print,,,,,"Content: Reginnal Regal racing team, Rapid Ronnie LylesMalcolm Durham, Wendell ScottRufus ""Heavy"" Boyd",Amanda Alicea,,,
123,The Black Sociologist,,New Brunswick,Transaction Periodicals Consortium,1972?,Spring/Summer 1982,Quarterly,Periodicals,English,,,OCLC no. 17011265,,,"Sociology, Sociological Abstracts; Social Welfare, Social Planning/Policy & Social Development. ",Print,,,,,,Amanda Alicea,,,
107,The Black Voice,,Newark,United Black Workers,1970,March 1975?,Monthly,Periodicals,English,,,OCLC no. 17008478,,,"Labor, Trade unions, United Black Workers",Print,,,,,Scattered articles in Spanish.,Amanda Alicea,"Its stated purpose was ""to help educate, expose, inform, and even agitate our fellow workers out of a feeling of complacency and frustration. Its further purpose is to assist in dealing realistically with the many problems facing workers on the job, in the community and around the world.”

United Black Workers was an organization of workers at the Ford Mahwah Assembly plant in New Jersey in the early 1970s.",,
98,Black Voice/Carta Boricua,,Piscataway,Paul Robeson Cultural Center,1970?,"? ",Weekly,Periodicals,"English, Spanish",Rutgers University,,n/a,,"College students, hispanics","Hispanics, Rutgers University, Colleges and universities — Students",Print,"The newspaper is produced by and for Black and Latinx students, with the goal of ""Break the Chains of Ignorance"" and to develop social, cultural, and political consciousness within the community. ","Kim Robinson, Editor",,"To help Black and Latinx students develop social, cultural, and political consciousness within the community. ","Black Voice/Carta Boricua (BV/CB) is a campus-wide newspaper at https://slwordpress.rutgers.edu/wp-content/uploads/sites/88/2015/08/RU_Latino-July_8_2010.pdf, originally two separate newsletters, Black Voice and Carta Boricua, that merged in 1974. ",Amanda Alicea,,,
60,Black Women's United Front Newsletter,,Newark,,1976,,,,,,,,,,"Women, Education, Prison reform, Economics, Book reviews",,,,,,,Amanda Alicea,,,
74,Bootstrap,,Newark,Interracial Council for Business Opportunity,1981,August/September 1983?,Unknown,Newsletters,English,,,,,,"Money, Investments, Economics, Finance, Business",Print,,Previous editor(s): Bernard H. Saperstein,,,,Amanda Alicea,,,
92,Braids & Beauty,,Paramus,Word Up! Video Productions,1994,1995?,Quarterly,Periodicals,English,,,OCLC no. 30888338,,,"Hairdressing, Women, Beauty",Print,,,,,,Amanda Alicea,,,
67,Bronze Thrills,,Dover,Sepia Publishing Company,1952?,1981?,Monthly,Periodicals,English,Superseded by: Intimacy,,OCLC no. 7645384,,,Confession stories,Print,,"Previous editor(s): Adelle Jackson; Edna K. Turner, Jan 1955; Eunice Wilson",,,Superseded by Intimacy,Amanda Alicea,,,
102,Camp Berlin Broadcast,,Berlin,"Civilian Conservation Corps, Company 1275-C",1934?,April 1935,Irregular,Publications,English,Civilian Conservation Corps.,,OCLC no. 29403842,,Civilian Conservation Corps.,Civilian Conservation Corps,Print,,"Previous editor(s): A. W. Reed Jr.,
Nov 24 1934-Feb 14 1935; Ellsworth Miller, Apr 1935.",,,,Amanda Alicea,,,
87,Camp Cooper Chats,,Glen Ridge,"Civilian Conservation Corps, Company 1275-C",1935,1937,Monthly,Publications,English,Civilian Conservation Corps,,"OCLC no. 29465047, 29403521.",,Civilian Conservation Corps,Civilian Conservation Corps,Print,,"Previous editor(s): E. T. Miller, Dec 18 1935-Aug 20 1936; Robert R. Toomer, Oct 20 1936-June 30 1937",,,"Originally designated ""Camp 25,"" the camp was given the designation ""SP-10"" ca. May, 1934",Amanda Alicea,,,
112,Captain Africa,,Glen Ridge,African Prince Productions,1992,1994,Unknown,"Comic books, strips",English,,,OCLC no. 29247918,,,"Comic books, strips, etc.",Print,,,,,,Amanda Alicea,,,
51,CFUN News,,Newark,I.A. Baraka,1970?,1971?,Unknown,Periodicals,English,,,OCLC no. 30752732,,,"Politics, Education, Spirituality",Print,,Previous editor(s): Imamu Amiri Baraka.,,,,Amanda Alicea,,,
69,The Cricket: Black Music in Evolution,,Newark,Published by Jihad Publications,1969,1969,Unknown,Periodicals,English,,,OCLC no. 2259919,,"Musicians, Poets","Music, Poetry, Short stories, Music reviews",Print,,"Previous editor(s): Le Roi Jones, Amamu Baraka, Larry Neal, A. B. Spellman",,,,Amanda Alicea,,,
70,Deliverance Voice,,Newark,Published by Deliverance Publishing House,1967?,?,Unknown,Periodicals,English,,,,,,Religion,Print,,Previous editor(s): Ralph Michel,,,,Amanda Alicea,,,
94,Dias Creek Echo,,Cape May,"Published by Civilian Conservation Corps, Company 1275-C",1938,1938,Monthly,Volumes,English,Civilian Conservation Corps,,OCLC no. 29355552,,Civilian Conservation Corps,Civilian Conservation Corps,Print,,Previous editor(s): Robert Toomer,,,Supersedes: Point Breeze Rugcuttings,Amanda Alicea,,,
108,Educational Perspectives,,Cherry Hill,"Published by National Sorority of PhiDelta Kappa, Inc. Eastern Region",1978?,1985?,Annual,Periodicals,English,Phi Delta Kappa Sorority,,OCLC no. 38192785,,"Phi Delta Kappa Sorority, students","Phi Delta Kappa Sorority, Education, Fraternities and sororities",Print,,Previous editor(s): Rebecca Batts Butler,,,,Amanda Alicea,,,
59,En Avant,,Newark,,1972?,,,,,,,,,,"Haiti, Politics, Liberation movements",,,,,,,Amanda Alicea,,,
80,Fire II,,Trenton,"Trenton State College, Fire II Publications",1975?,?,Annual,Literary Magazine/Periodicals,English,Trenton State College,,OCLC no. 29551936,,,"Poetry, Short stories, Essays, Art",Print,,Previous editor(s): Gabrielle Lynn McLemore,,,,Amanda Alicea,,,
78,Fotorama,,River Edge,"Swank Publications, Inc.",1993,,Bimonthly,Magazine,English,,,,,,Sex,Print,,,,,,Amanda Alicea,,,
118,Gospel Today Magazine,,Fort Lee,,1990,,Bimonthly,,,,,,,,"Gospel music, Music, Religion, Book reviews, Video reviews",,,,,,,Amanda Alicea,,,
122,The Hart Fund,,Newark,The People with William S. Hart for Congressman,1972,?,Unknown,Periodicals,English,Democratic Party,,OCLC no. 30762324,,Democratic Party,"Democratic Party, William S. Hart, Politics.",Print,,William S. Hart,,,,Amanda Alicea,,,
79,The Hiram Star-News,,Vauxhall,Hiram Star-News Publishing Co.,1947?,?,Biweekly,Newspaper/Periodicals,English,,,,,,"Community newsletter, King Hiram's Craftsmen Center",Print,,,,,,Amanda Alicea,,,
72,Hours After,,Newark,"B.K. & L. Printing Co. ",1951?,?,Biweekly,Periodicals,English,,,OCLC no. 35268993,,,Entertainment,Print,“The picture guide to entertainment.”,Previous editor(s): Tiny Prince,,,,Amanda Alicea,,,
82,Hype Hair,,Paramus,Word Up! Video Productions,1993,,Bimonthly,Periodicals,English,,,OCLC no. 29290682,,,Hairdressing,Print,,Editor: Marcia A. Cole,,,,Amanda Alicea,,,
117,Inner City Products,,Piscataway,"Hype Comics, Inc.",1991,,Quarterly,"Comic book, strips",English,,,OCLC no. 27832522,,,"Comic books, strips, etc.",Print,Near-future corporate super-villains (Inner-city Products) attempt to undo African American social progress by time-traveling to the late 20th century to thwart hip-hop culture.,Editor: Donnette Bishop Johnson,,,,Amanda Alicea,,,
57,The Ironsides Echo,,Bordentown,Bordentown Manual Training School,1917?,1955,Monthly,Magazine/Periodicals,English,Bordentown Manual Training School,,OCLC no. 13805747,,Students,"Bordentown Manual Training School, Education (Secondary)",Print,,,,,,Amanda Alicea,,,
66,Jersey Camera,,Newark,Jersey Camera Publishing Co,1951,?,Monthly,Periodicals,English,,,OCLC no. 35047555,,,"Profiles, Fraternal organizations",Print,"""Magazine for the home.”",,,,,Amanda Alicea,,,
116,The Jersey Heritage,,Jersey City,"Afro-American Historical and Genealogical Society, Inc., New Jersey Chapter.",1992,1996,Quarterly,Periodicals,English,,,OCLC no. 25846047,,,"Genealogy, History",Print,“A celebration of African American history & genealogy.”,Previous editor(s): Elizabeth Peale Johnson,,,,Amanda Alicea,,,
54,Journal of African American Men,,New Brunswick,,1995,,Quarterly,,,,,,,,"Men, Research, Sociology",,,,,,,Amanda Alicea,,,
88,Just for Black Men,,Paramus,John Blassingame,1996,,Bimonthly,Periodicals,English,,,OCLC no. 35199673/LC card no. sn96-2406,,African American Men,"Men, Health, Fitness, Art, Entertainment, Lifestyle, Sports","Print ",,Editor: Kate Ferguson,,,,Amanda Alicea,,,
100,Kuumba: The Black Voice Magazine,,New Brunswick,Black Voice,1974,1975,Monthly,Magazine,English,,,,,,"Poetry, Short stories, Photography",Print,,Previous editor(s): Inga Watkins.,,,,Amanda Alicea,,,
109,The Liberator,,Edison,"Middlesex County College, Central New Jersey Urban Journalism Workshop.",1970,?,Unknown,Print,English,Middlesex County College,,,,Students,"Journalism, Middlesex County College, Colleges and universities — Students",Print,,Previous editor(s): Linda Cunningham,,,,Amanda Alicea,,,
91,The Literary Griot,,Fort Wayne,International Journal of Black Expressive Cultural Studies,1988,,Two times a year,Periodicals,"English, French, African languages",,,OCLC no. 20441085,,,"Literature, Short stories, Oral history, Poetry, Art, Film, Theater, Music",Print,“International journal of black oral and literary studies.”,Editor: Ousseynou B. Traore,,,"Place of publication varies: Indiana, PA; Paterson, NJ. 
Each issue also has a distinctive title.",Amanda Alicea,,,
90,The Little Ease Echo,,Glassboro,"Civilian Conservation Corps, Company 1275-C",1938,1939,Monthly,Magazine/Periodicals,English,Civilian Conservation Corps.,,OCLC no. 29355449,,,Civilian Conservation Corps.,Print,,"Previous editor(s): Robert Toomer, Dec 1938-June 1939; Joseph Moore, July 1939; Timothy Fenner, Aug-Sept 1939. ",,,Supersedes: Dias Creek Echo,Amanda Alicea,,,
53,MC Squared,,Piscataway,"POSRO, Inc.",1991,,Unknown,"Comic book, strips, etc.",English,,,,,,"Comic books, strips, etc.",Print,,,,,$2/issue.,Amanda Alicea,,,
68,MEDIC News,,Newark,"Minority Economic Development Industrial and Cultural Enterprise, Inc. ",1971,?,Quarterly,Periodicals,English,,,,,,"Business, Economic development",Print,,Previous editor(s): Carolyn Odom,,,,Amanda Alicea,,,
71,The Missionary Magazine,,Pleasantville,,1952?,,Bimonthly,,,,,,,,"African Methodist Episcopal Church, Missions, Religion, Profiles",,,,,,,Amanda Alicea,,,
115,Monthly Black Periodicals Selection Review,,Newark,True Connection Subscription Agency,1973?,?,Monthly,Periodicals,English,,,,,,"Bibliography, Periodicals",Print,,,,,,Amanda Alicea,,,
61,The National Political Science Review,,New Brunswick,National Conference of Black Political Scientists,1989,,Annual,Periodicals,English,"National Political Science Review, Rutgers University, New Brunswick, NJ",,OCLC no. 17223548,,Students,Politics,Print,,Editor: Matthew Holden Jr.,,,Some issues have distinctive title.,Amanda Alicea,,,
75,The Network: The Newsletter of the African-American Institute of Islamic Research,,Newark,African-American Institute of Islamic Research,1991,,Six times a year,Uncataloged serials,English,,,OCLC: 50248998,,,Islam,Print,,Editor: Zain A. Abdullah,,,,Amanda Alicea,,,
101,New Jersey After Hours,,Newark,"After Hours, Inc.",1949?,?,Weekly,Periodicals,English,,,OCLC no. 30761534,,,Entertainment,Print,,Previous editor(s): Harry B. Webber,,,,Amanda Alicea,,,
50,New Jersey Deadline,,Newark,"Published by Deadline Publishing Company, Inc.",,,Biweekly,Periodicals,English,,,OCLC no. 35268934,,,"Entertainment, Profiles",Print,,Previous editor(s): Harry B. Webber,,,,Amanda Alicea,,,
76,Newark Community Union Project News,,Newark,Newark Community Union Project,1963?,1965?,Irregular,Newsletter/Periodicals,English,Students for a Democratic Society (NCUP-SDS),,OCLC no. 261342029,,College students,Housing,Print,,,,,Variant title(s): Newark Community Union Project Newsletter,Amanda Alicea,,,
111,Ngoma,,Newark,Harambee Organization,1971,?,Unknown,Periodicals,"English, some Swahili",,,OCLC no. 30787115,,Students,"Politics, Education, Poetry, Nutrition, Swahili",Print,,,,,,Amanda Alicea,,,
106,NJ-AAHGS Newsletter,,Jersey City,"New Jersey Chapter, Afro-American Genealogical Society, Inc.",1989,,Monthly,Newsletter/Periodicals,English,,,OCLC no. 28388925,,,Genealogy,Print,,Editor: Elizabeth Peale Johnson,,,Variant title(s): AAHGS Newsletter,Amanda Alicea,,,
81,ONI,,Newark,International Black Women’s Congress (IBWC),1988,,Unknown,Newsletter,English,International Black Women’s Congress,,OCLC no. 37974207,,African American Women,"Networking, Women, Politics, Business",Print,,"Editor: Rhashidah Elaine McNeill, Previous editor(s): Elaine McNeill Rhashidali",,,,Amanda Alicea,,,
110,Perspectus News Magazine,,East Orange,The Perspectus Group,1989,?,Monthly,News Magazine,English,,,OCLC no. 20925105/LC card no. sn90-2907,,,Lifestyle,Print,,,,,,Amanda Alicea,,,
55,Point Breeze Rugcuttings,,Cape May,"Civilian Conservation Corps, Company 1275-C",1938,1938,Monthly,Newspaper,English,Civilian Conservation Corps,,OCLC no. 277249509,,Civilian Conservation Corps (U.S.) Officials & employees,Civilian Conservation Corps,Print,,"Previous editor(s): George Butler. ",,,Superseded by: Dias Creek Echo,Amanda Alicea,,,
105,Primer,,East Orange,Published by National Conference of Black and Non-White YMCA Laymen,1973,1978,Bimonthly,Newspaper,English,,,,,,"National Conference of Black and Non-White YMCA Laymen, Young Men’s Christian Association (YMCA) ",Print,,Previous editor(s): Everette T. Christmas,,,,Amanda Alicea,,,
97,Rifle Ranger,,Fort Dix,"Civilian Conservation Corps, Company 3263-C. ",1938,1938,Unknown,Newspaper,English,,,OCLC no. 277250656,,Civilian Conservation Corps,Civilian Conservation Corps,Print,,,,,"Superseded by: Star-gazer. ",Amanda Alicea,,,
95,Right On!,,Cresskill,,1971,,Monthly,,,,,,,,"Music, Hip hop culture",,,,,,,Amanda Alicea,,,
83,Right On! Focus,,Cresskill,"DS Magazine, Inc. ",1982?,?,Quarterly,Newspaper,English,,,OCLC no. 9333775/LC card no. sn83-556,,,"Television comedies, Television broadcasting",Print,,Previous editor(s): Cynthia M. Horner,,,,Amanda Alicea,,,
96,Right On! Presents Class,,Cresskill,,1983,,Six times a year,,,,,,,,"Lifestyle, General interest",,,,,,,Amanda Alicea,,,
89,Sixty Niner,,New Lisbon,"Civilian Conservation Corps, Company 235",1936,1941?,Monthly,Newspaper,English,Civilian Conservation Corps,,OCLC no. 30066660,,Civilian Conservation Corps,Civilian Conservation Corps,Print,,"Previous editor(s): Philip Brown, Oct 1936; Roy Calloway, May 1937; Carl Boyd, Dec 1938; James Roberson, Nov 1940-Feb 1941. ",,,"Variant title(s): Fighting 35 News. Flash
Publication was briefly renamed ""Flash"" in December, 1937. By December, 1938 the title was once again ""Sixty niner.”",Amanda Alicea,,,
65,Spirit: The Guide to the Soul,,Plainfield,,1996,,Six times a year,Newspaper,English,,,,,,"Spirituality, Lifestyle",Print,,Editor: Natasha Munson,,,,Amanda Alicea,,,
86,Starline,,Paramus,"Starline Publications, Inc. ",1987?,,Monthly,Newspaper,English,,,OCLC no. 36223142,,,"Rap (Music), Rock music, Music",Print,,Editor: Mary Anne Cassata,,,,Amanda Alicea,,,
121,Testimony: A Journal of African-American Poetry,,Montclair," Sandra West",1987,,Quarterly,Periodicals,English,,,OCLC no. 37883333,,,"Poetry, Art, Photography",Print,,Editor: Sandra West,,,,Amanda Alicea,,,
63,Today's Black Woman,,Paramus,,1995,,Nine times a year,,,,,,,,"Women, General interest, Beauty, Fashion, Careers, Economics",,,,,,,Amanda Alicea,,,
93,Try It Yourself Hair!,,Paramus,Word Up! Video Productions,1993,,Bimonthly,Newspaper/Periodicals,English,,,CLC no. 29290810,,,"Hairdressing, Beauty, Fashion",Print,,"Editor: Adrienne Moore
Previous editor(s): Marcia Cole",,,"Place of publication varies: River Edge, NJ. ",Amanda Alicea,,,
103,Ujamaa: Journal of the Black Students Union,,Wayne,"William Paterson College, Department of Black Studies",1971?,?,Quarterly,Newspaper,English,William Paterson University,,,,College students,"Colleges and universities — Students, African-American Studies, Poetry, Short stories",Print,,"Previous editor(s): Lester Forrester, Jan 1974; Eva Byrd, Jan 1974.",,,,Amanda Alicea,,,
56,The Union Messenger,,Camden,U.A.M.E. Church,1979?,?,Unknown,Newspaper,English,,,,,,"African Methodist Episcopal Church, Religion",Print,,,,,,Amanda Alicea,,,
84,Unity and Struggle,,Newark,Committee for Unified Newark,1972,,Monthly,Newspaper,English,,,OCLC no. 5591021/LC card no. sn91-64001,https://www.marxists.org/history/erol/periodicals/unity-struggle/index.htm,,"Socialism, Black Liberation movement, Politics, Education, Employment, Housing, Health",Print,‘The Struggle Continues”,,,,$12.50 for individuals and institutions.,Amanda Alicea,"Unity & Struggle began as Black NewArk, the local newspaper of the Committee For Unified Newark (CFUN), in April 1968. When the Congress of Afrikan People was established in early 1974 the paper's name was changed to Unity & Struggle. The paper continued under that name when the organization changed its name to the Revolutionary Communist League (M-L-M).",,
104,Update,,Newark,New Jersey Black Issues Convention,1983?,?,Unknown,Newspaper,English,,,,,,"Politics, Race relations, New Jersey Black Issues Convention",Print,“A publication of the New Jersey Black Issues Convention.”,,,,,Amanda Alicea,,,
73,Utimme Umana/La Voz Oculta,,Trenton,Trenton State College,1968,?,Six times a year,Newspaper,English,Trenton State College,,OCLC no. 47772945,,African American and Hispanic American students at Trenton State College,"Education (Higher), Colleges and universities",Print,," Previous editor(s): Kingsley Ugorji, Nov/Dec 1985Apr/May 1986; Curt Broadway, Fall 1986-Dec/Jan 1986/87; Kris Tucker, Feb-Mar 1988; Faith Pennant, Sept/Oct 1989; Hore Caldwell, Nov/Dec 1989; Will A. Mitchell, Apr 1990; Raeshell Carter, Spring 1991; Michael C. Burton, Feb- Apr 1992; Anthony Maddot, Nov 1993. ",,,,Amanda Alicea,,,
113,Wait,,Trenton,A & S Publishing Company,1961?,?,Monthly,Newspaper/Periodicals,English,,,OCLC no. 36179394,,,"Beauty, Fashion, Entertainment",Print,,Previous editor(s): George S. Adams Jr.,,,,Amanda Alicea,,,
114,Word Up!,,Paramus,Scott Mitchell Figman,1990,,Monthly,Newspaper,English,,,OCLC no. 21278914/LC card no. sn91-1930,,,"Music, Rap music",Print,,Editor: Kate Ferguson,,,"Place of publication varies: New York, NY.",Amanda Alicea,,,
120,Write On Newsletter,,Saddle Brook,Rejoti Publishing,1985,?,Quarterly,Newsletter,English,,,OCLC no. 50698280,,,"Publishers and publishing, Authors, Poetry, Short stories",Print,,Previous editor(s): Veona Thomis,,,,Amanda Alicea,,,
58,Yes: Youth Excited About Success,,Plainfield,"Yes Communications, Inc.",1994?,,Nine times a year,Newspaper,English,,,OCLC no. 28447340,,High school students,High schools — Students,Print,“The magazine of the new generation.”,Editor: Jan M. Edgenton Johnson,,,,Amanda Alicea,,,
125,Black Hair Digest,,River Edge,Word Up! Video Productions,1993,,Unknown,"Periodicals ",English,,,OCLC no. 29736714,,,"Hairdressing,

Beauty, Fashion",Print,,"Previous editor(s): Natasha A. Brooks-Everett. ",,,,Amanda Alicea,,,
127," Black Truth Bulletin",,Unknown,National Joint Action Committee?,1978?,?,Unknown,"Periodicals, Slavery Caribbean Area Periodicals ",English,,,OCLC no. 43584250,,,"History, Pan-African-ism",Print,,,,,,Amanda Alicea,,,
126,Black Women’s United Front Newsletter,,Newark,Black Women’s United Front,1976?,?,Unknown,"Periodicals, Newsletters",English,,,OCLC no. 30791066,,,"Women, Education, Prison reform, Economics, Book reviews.",Print,“Abolition of every possibility of oppression and exploitation that’s our slogan!”,,,,,Amanda Alicea,,,
128,Newark Black Newspapers Collection | Digital Collections,,,,,,,,,,,,https://collections.libraries.rutgers.edu/newark-black-newspapers,,,,,,,,,,,,
129,Club World: Newsmagazine,,East Orange,"Scott, Young",1955?,?,Bimonthly,Periodicals,English,"News about African American social clubs, professional groups, alumni/alumnae associations, and fraternal organizations in the Newark, N.J. metropolitan area; includes society notes and wedding",,OCLC no. 36218068,,"African American social clubs, professional groups, alumni/alumnae associations, and fraternal organizations in the Newark, N.J. metropolitan area","General interest, Clubs, Calendar.",Print,,Previous editor(s): Sally Cooke Young,,,,Amanda Alicea,,,
130,Communique: Quarterly Newsletter of the New Jersey Coalition of 100 Black Women,,East Orange,Published by New Jersey Coalition of 100 Black Women,1983,?,Quarterly,Newsletter/periodicals,English,New Jersey Coalition of 100 Black Women,,,,Women,"Women, Art, Education, Profiles, Careers.",Print,,Previous editor (s): Pamela Miller,,,,Amanda Alicea,,,
131,The Connection Newspaper,,Teaneck,Published by Ralph F. Johnson,1982,?,Weekly,Newspaper/Periodicals,English,,,OCLC no. 18514803,,,Newspaper,Print,"""News from a Black perspective.""
""Largest African-American weekly newspaper in New Jersey.”",Editor: Ralph F. Johnson,,,,Amanda Alicea,,,
132,Corporate Headquarters,,Westfield," Published by Harold E. Fisher",1985?,1991?,Quarterly,Periodicals,English,,,OCLC no. 16218293,,Businesspeople,"Business, Education (Higher), Careers, Employment, Corporations — Employment.",Print,"""A world class publication.”",Previous editor (s): Terri Fisher,,,,Amanda Alicea,,,
134,En Avant: Bulletin pour le development de la mobilisation patriotique,,Newark," En Avant!",1972,?,Unknown,Magazine/Periodicals,French,,,OCLC no. 30793980,,,"Haiti, Politics, Liberation movements",Print,,,,,,Amanda Alicea,,,
133,Freedom Reports,,Newark,United Committee for Political Freedom,1966,?,Monthly,Newsletter,English,,,OCLC no. 11733840,,African Americans,"Politics, Civil rights",Print,,,,,,Amanda Alicea,,,
136,Penn Crusader,,Chatsworth,"Published by Civilian Conservation Corps, Company 1284-C",1936,1940,Monthly,Newspaper,English,Civilian Conservation Corps.,,OCLC no. 29252764,,Civilian Conservation Corps.,Civilian Conservation Corps.,Print,,"Previous editor(s): R. Johnson, Nov-Dec 1936; Martin Murray, Feb-Apr 1937; R. Lowe, June 1937; Sylvester Moore, July 8c Nov 1937; J. W. Brown, Sept-Oct 1937 & Feb, Mar 1938; R. Davis, Apr 1938; James W. Richardson, May 1938-Feb 1939",,,"Supersedes: Ash Can.
The enrollees in this particular C.C.C. camp appear to have been entirely African American",Amanda Alicea,,,
137,Pine Needle,,New Lisbon,"Civilian Conservation Corps, Company 0237-C. ",1936,1940?,Monthly,Newspaper,English,Civilian Conservation Corps.,,OCLC no. 809384491,,Civilian Conservations Corps (U.S) Officials and employees,Civilian Conservation Corps,Print,,"Previous editor(s): Charles E. Browne, Oct 31 -Dec 15 1935; Arvin Cooper, Jan 20 1936; Theodore Greene, Feb 26 June 30 1936; Milledge Cato, Feb-Aug 1937; Marvello Gilbert, Jan- Apr 1938, May- Aug 1939, Jan 1940; Albert E. Strange, May 1938; John W. Wright, July-Nov 1938 , Perry Andrews, Dec 1938 & Dec 1939; Eugene Mickens, Jan-Feb 1939.",,,"Variant title(s): Camp Pack News. ",Amanda Alicea,,,
135,Rap Masters: Reader’s Choice,,Paramus,"Word Up! Publications, Inc.",1990,,Monthly,Newspaper/Periodicals,English,,,OCLC no. 23716577/LC card no. sn91-1925,,,Rap Music,Print,,Previous editor: Kate Ferguson,,,"Publisher varies: Scott Mitchell Figman. 
Place of publication varies: River Edge, NJ.",Amanda Alicea,,,
138,Today’s Black Woman,,Paramus,John Blassingame,1995,,Nine times a year,Newspaper/Periodicals,English,,,OCLC no. 32867618,,,"Women, General interest, Beauty, Fashion, Careers, Economics",Print,,Editor: Kate Ferguson,,,"$18 for individuals and institutions. 
Frequency varies: Bimonthly",Amanda Alicea,,,