Publication,Added by,Alternate Name,Archive/Call Number,Format,Frequency of publication,HMerge:About,HMerge:Challenges faced,HMerge:Community impact,HMerge:Notes,HMerge:Political/Social affiliation,HMerge:Target audience,Historical notes + impact,ID,Key staff members,Languages published,Location (City),"Medium/Distribution method (e.g. Print, Digital)",Mission statement or editorial philosophy,Owners/Publishers,Primary focus/Content areas,Sources,Tags,Website/Archive,Year ceased,Year founded
The Jersey Express,Amanda Alicea,,,Newspaper,Weekly,,,,,,,,2,Previous editor(s): Melvin B. Johnson,English,Montclair,Print,,Rumble Printing Service,Newspaper,,,,?,1932?
The Camden News,Amanda Alicea,,,Periodicals,Weekly,,,,,,,,3,Previous editor(s): C. N. Green.,English,Camden,Print,,Camden News Publishing Co,Newspaper,,,,1918?,1915
Hype,Cassandra Etienne,,,,Bimonthly,,,,,,,,1,,,River Edge,,,"Word Up! Video, Inc."," Hip hop culture, Music, Rap music",,,,1993,1990?
Front Runner New Jersey,Amanda Alicea,,,Multimedia news platform,Irregular,,,,,,"African Americans in South Jersey ",,6,President: Clyde Hughes,English,Atlantic City,Multimedia,,President: Clyde Hughes,African-American & Latino culture and leadership in South Jersey.,,,https://frontrunnernewjersey.com/,,2017
The Citizen,Amanda Alicea,,OCLC no. 38227497,Periodicals,Weekly,,,,,,,,7,Previous editor(s): Henry J. Auston.,English,Princeton,Print,"""A weekly newspaper devoted to the moral, intellectual, and industrial improvement of the Negro race.”",W.H. Du Paur,Newspaper,,,,?,1909
South Jersey Journal,Amanda Alicea,,,Newspaper,Monthly,"South Jersey Journal provides news and information relevant to South Jersey’s growing African American community. South Jersey Communications, LLC publishes the free monthly publication.The Journal published its first edition in September 2011 and is now available at select retail locations including CVS, Shop Rite and Wawa stores throughout South Jersey.",,,,,,,8,Owned by Shirley Johnson,English,Swedesboro,Print,,Shirley Johnson,"News, entertainment, lifestyle",,,,,2011
The Connection / North Jersey Connection,Amanda Alicea,,LCCN no: sn88071369/OCLC no: 18514803,Newspaper,Biweekly,"• Extant through at least 1991.
• Published by Ralph F. Johnson.
•  ""News from a Black perspective.""
•  ""Largest African-American weekly newspaper in New Jersey.”

Preceded by: North Jersey Connection",,,,,,,5,Publisher:  Ralph F. Johnson,English,Teaneck,Print,"""Largest African-American weekly newspaper in New Jersey.”"," Ralph F. Johnson",,,,https://www.loc.gov/item/sn88071369/,?,1982?
Black In Jersey,Amanda Alicea,,,Digital Newspaper,Weekly,,,,,,Black community,,4,Founder: Tennyson Coleman,English,Trenton,Online,"Our Voices, Our Perspectives ",Founder: Tennyson Coleman,"News, Culture",,,https://www.blackinjersey.com/,,2021
City News,Amanda Alicea,,,Newspaper,Weekly,,,,,,,,13,Editor:  Jan Edgenton Johnson,English,Plainfield,Print,,Henry O. Johnson.,News,,,,?,1983
Five Wards Media,Amanda Alicea,,,Multimedia news platform,Weekly,,,,,,,,12,"Brit Harley, Director and Co-Founder",English,Newark,Digital newspaper,"To honor and amplify our community's vibrant stories, culture, and information needs.","Brit Harley, Director and Co-Founder","News, arts, information needs",,,https://www.fivewardsmedia.com/,,2021
"The Sentinel ",Amanda Alicea,,OCLC no. 664615924/LC card no. 664615924,Newspaper,Weekly,"Trenton’s first – and one of the state’s earliest – Black newspapers.""[1]
Merged into Trenton Herald.[1]
Supersedes: Expositor. ",,,,,,,10,"Founded, edited and published by R. Henri Herbert.",English,Trenton,Print,"""Trenton’s first – and one of the state’s earliest – Black newspapers.”",R. Henri Herbert,Newspaper,,,https://www.loc.gov/item/2014254331/,,1880
The Newark Herald,Amanda Alicea,,LCCN: sn 88071222/OCLC no: 2696527,Newspaper,Weekly,"-  Weekly
-  Began in 1928; ceased in 1939?
-  Description based on: Vol. 11, no. 18 (June 11, 1938).",,,,,,,9,,English,Newark,Print,,Newark Herald Pub. Co.,"News ",,,https://search.worldcat.org/title/2696527,1939,1928
The Northern New Jersey Informer,Amanda Alicea,,,Periodicals,Weekly,,,,,,,,11,,English,Paterson,Print,,,Newspaper,,,,?,1950
"Trenton Journal ",Amanda Alicea,,,Multimedia news platform,Daily,,,,,,,,17,"Kenneth Miles, Publisher",English,Trenton,"Online, website","To provide the people of Trenton with accurate, independent, and meaningful journalism that informs, empowers, and uplifts our community.","Kenneth Miles ",Aims to address the information gaps and amplify voices in New Jersey’s capital city through solutions-based journalism.,,,https://trentonjournal.com/,,2021
African World,Amanda Alicea,,OCLC no. 36178031,Periodicals,Monthly,,,,,,,,15,Previous editor (s): Imafidou Olaye.,English,Hillside,Print,“The People’s Link”,African World,Africa/ African Americans,,,https://search.worldcat.org/title/36178031,?,1994
New Jersey Herald News,Amanda Alicea,,LCCN no: sn84025698/OCLC no. 10284983,Newspaper,Weekly,"• ""Black publication."" Cf. Ayer, 1967.
• ""Independent."" Cf. Ayer, 1967.
• ""Owned and published by New Jersey Negroes.""
• Description based on: Vol. 1, no. 3 (May 21, 1938).
• Editor: O.W. Brown, <Dec. 8, 1962>.
•Circulation of 28,371 in 1951

Preceding Titles
• https://www.loc.gov/item/sn88071222/
Succeeding Titles
• https://www.loc.gov/item/sn85035693/",,,,,,,16,"Previous editor (s): Oliver W. Brown. Supersedes: Absorbed: Newark Herald. Merged with: Advance to form: Herald-Advance. ",English,Newark,Print,,New Jersey Herald News Pub. Co,Newspaper,,,https://www.loc.gov/item/sn84025698/,1966,1938
The Liberator,Amanda Alicea,,,Periodicals,Weekly,,,,,,,,18,Previous editor (s): Theodore Hinton,English,Paterson,Print,,Theodore Hinton,Newspaper,,,,?,1950
New Jersey Record,,,,,,,,,,,,,14,,,Newark,,,,,,,,,?
NJ in Color,Amanda Alicea,,,Multimedia news platform,Daily,,,,,,,,19,"Tevra Francis, Publisher",English,Leonia,Digital newspaper,"NJ In Color is a platform designed to introduce you to all of the people, places, and personalities that make North Jersey so special. ","Tevra Francis, Publisher","News, arts & culture, community events",,,https://njincolor.com/,,
Nite Lite,Amanda Alicea,,OCLC no. 990372129,"Journal, Magazine",Weekly,,,,,,,,21,,English,Newark,Print,"“Be in the know, on where to go.” ",Edna M. Strothers,Newspaper,,,https://search.worldcat.org/en/title/990372129,?,1959?
Ark Republic,Amanda Alicea,,,Multi-media news website,Daily,,,,,,,,22,Publisher/Founder: Dr. Kaia Niambi Shivers,English,Newark,Online,,Dr. Kaia Niambi Shivers,"News, features, culture",,,https://www.arkrepublic.com/,,2017
New Jersey Urban News,Amanda Alicea,,,Digital,Daily,,,,,,African American community,,20,"CEO, Publisher, Co-Founder: Penda Howell
Co-founder, COO: Dorothy Howell",English,Newark,Online,“A Voice for the Voiceless.”,Penda Howell,"Local news, stories often overlooked by mainstream media",,,https://njurbannews.com/,,2018
The Newark Herald,Amanda Alicea,,OCLC no. 2696527/LCCN no. 2012210650,Newspaper,Unknown,,,,,,,,24,,English,Newark,Print,,,African American newspapers,,,,1999,1938
The Newark Times,Amanda Alicea,,,Multimedia news platform,Daily,,,,,,,,23,"Tehsuan Glover - Publisher
Viviana Salgado - Creative Director",English,Newark,Digital newspaper,"The Newark Times is dedicated to sharing the perspectives and narratives of Newark’s history, emergence, challenges, and triumphs with dignity, honesty, and candor.",Tehsuan Glover - Publisher,"News, arts, business, science & technology, lifestyle, food & drink, Finance",,,https://thenewarktimes.com/,,2014
Atlantic City Focus,Amanda Alicea,,,News and media website,Daily,,,,,,,,25,Founder/Publisher: Mark Tyler,English,Atlantic City,Online,"“If It's Important to you, It's important to us!”",Mark Tyler,"News, politics, art, entertainment, black history, culture",,,https://www.atlanticcityfocus.com/,,2022
	Greater News,Amanda Alicea,,OCLC no. 20252858,Newspaper/Periodicals,Weekly,"$19.50 for individuals and institutions.
Variant title(s): National Greater News. New Jersey Greater News.",,,,,,,27,Editor: Jeanne Jason,English,Newark,Print,,Greater News of Northern New Jersey,Newspaper,,,,,1979?
Harambee,Amanda Alicea,,OCLC no. 25266785,Newspaper/Periodicals,Bimonthly,,,,"$15 for individuals and institutions. ",,"Children, students",,26,,English,Orange,Print,“A newspaper for young readers that focuses on the African American experience.”,"Just Us Books, Inc.","Newspaper, Youth, Children, History, Culture.",,,https://search.worldcat.org/title/25266785,,1990?
Black Newark,Amanda Alicea,,LCNC:  sn2001062056/OCLC No. 32993495,Print Newspaper,Monthly,"Published under 3 different title throughout run of publication:  	Black Newark (1968)[16] /
Black News (1969)[17] /
Black New Ark (1972–1974)[15]

Succeeding Titles: Black News ",,,,,,,28,"Previous editor(s): Abu Ansar, Apr-Nov 1968; Yusef Iman, Jan 1970; Daoud Abdullah, Jan 1970; Simba Risasi, Apr-May 1972.",English,Newark,Print,"“The Voice of New Ark’s Inner City.” ",Committee for Unified Newark,"Politics, News, Protest literature, Protest works.",,,https://www.loc.gov/item/sn2001062056/,1974,1968
North Jersey Independent,Amanda Alicea,,,Periodicals,Unknown,"Circulation of 26,498 in 1951",,,,,,,30,"Previous editor(s): Albert E. Hart ",English,Paterson,Print,,,Newspaper,,,,?,1950
Faithfully Magazine,Amanda Alicea,,,Multimedia news platform,Daily,,,,,,Christian communities of color,,29,Founder/Managing Editor: https://nicolamenzieonline.com/,English,Hillside,Online/Print,,https://nicolamenzieonline.com/,"Religion, news",,,https://faithfullymagazine.com/,,2016
The Landscape,Amanda Alicea,,,Newspaper,Monthly,,,,Supersedes: A.P. Smith’s Paper,,,,34,Previous editor(s): A. P. Smith,English,Saddle River,"Print ",,A. P. Smith,Local news,,,,1901,1885?
The Black Observer,Amanda Alicea,,,Newspaper,Unknown,,,,,,,,33,"Previous editor(s): Stephen A. Granger. ",English,Camden,Print,“Power is the Only Argument that Satisfies Man.”,Stephen A. Granger,Newspapers,,,,?,1968
Trenton365 Stream with Jacque Howard,Amanda Alicea,,,Radio stream,Daily,,,,,,,,32,Founder: Jacque Howard,English,Trenton,,A micro-media organization that encourages people and organizations to be more civically engaged.,Jacque Howard,"News,  Health, Arts & Culture",,,https://jacque-howard.com/trenton365-stream,,2016
The Echo,Amanda Alicea,,LCNC:  sn88071050/ OCLC: 17494843,Newspaper,Weekly,"- Began in 1904; ceased in 1943. Cf. Wright, W.C. and Stellhorn, P.A. Direct. of N.J. newspapers.
-  ""The oldest colored paper in New Jersey.""
-  Published in Red Bank, N.J., <1910>-1943.
-  ""Published weekly in interest of Negro race.""
-  Description based on: Vol. 1, no. 22 (Jan. 12, 1905).",,,,,,,31,"Rock, William E.
Howard, Reuben J.",English,Long Branch/Red Bank,Print,,Rock & Howard,"
• African Americans--New Jersey--Newspapers.
• African Americans.--fast--(OCoLC)fst00799558
• New Jersey.--fast--(OCoLC)fst01208379",,,https://www.loc.gov/item/sn88071050/,1943,1904
New Jersey Trumpet,Amanda Alicea,,LCCN: sn 87068175/OCLC no. 15671833,Newspaper,Weekly,"-  Began with Dec. 29, 1887 issue; ceased in 1897?
-  Published in Newark, N.J., 1889-1897. 
-  Description based on: Vol. 1, no. 36 (Sept. 1, 1888).
-Billed as a “newspaper for young readers that focuses on the African American experience.”",,,,,,,38,Publisher: William Murrell,English,Newark,Print,,William Murrell,Newspaper,,,https://www.loc.gov/item/sn87068175/,1897,1887
The Forum,Amanda Alicea,,LCCN no: sn88071371/OCLC no: 18514783,Newspaper,Biweekly,"""Serving the New Jersey black community.""",,,,,,,39,,English,Newark,Print,"""Serving the New Jersey black community."""," Forum Publications",News,,,https://www.loc.gov/item/sn88071371/,?,1970s
New Jersey Afro-American,Amanda Alicea,,"LCCN: sn 84025926
OCLC no. 2634939, 2264866.",Newspaper,Weekly,"• Adopted Afro-American numeration in 1979.
• Also issued on microfilm from University Microfilms International.

Circulation of 14,609 in 1951.",,,,,,,35,"Previous editor(s): Cliff MacKay, July 1 1954-Feb 3 1968; Moses J. Newson, Feb 10 1968-July 8 1978; Raymond H. Boone, July 15 1978-Apr 11 1981; Robert C. Queen, Apr 18 1981-Oct 11 1986; Robert W. Matthews, Oct 19 1986- [Feb 6 1988]. ",English,Newark,Print,"“Champion of Civic Welfare and the Square Deal.” 
""[T]he longest running and most widely read black newspaper in New Jersey.”",John Oliver Jr,Newspaper,,,https://www.loc.gov/item/sn84025926/,?,1941
The New Jersey Guardian,Amanda Alicea,,LCCN: sn 89069097/OCLC no. 19016511,Newspaper,Weekly,"Began with Sept. 29, 1934 issue; ceased in 1942?
""Voice of the Colored People.""
Description based on: Vol. 6, no. 27 (Oct. 28, 1939).",,,,,,,37,Previous editor (s): F. R. Clark,English,Newark,Print,"“Voice of the Colored People.” ",N.J. Guardian Pub. Co.,Newspaper,,,https://www.loc.gov/item/sn89069097/,1942,1934
More Jersey,Amanda Alicea,,,Community media organization,Monthly,,,,,,,,36,,English,,Online,"More Jersey is a community media startup with a statewide footprint, dedicated to connecting individuals with local businesses and organizations, informing communities of activities to enhance their lives, and inspiring NJ residents to take action.",," Local businesses and organizations, community events",,,MoreJersey.com,,
The Voice,Amanda Alicea,,,Newspaper,Weekly,,,,,,,,41,,English,Plainfield,Print,,"The Voice Associates, Inc.",Newspaper,,,,1974?,1968
The Nubian News,Amanda Alicea,,OCLC no. 28588271,Newspaper,Monthly,,,,,,,,40,"Editor: Kamau Kujichagulia, Previous editor(s): Pamela A. Sims",English/Some spanish,Trenton,Print,"""New Jersey's only African-American-Hispanic news source.”",Kamau Kujichagulia,Newspaper,,,,,1989?
"Public Square Amplified ",Amanda Alicea,,,Grassroots local nonprofit newsroom,Daily,,,,,,Newark’s five wards,,43,"Josie Gonsalves - Founder and Executive Director
Renee Johnston - Digital Administrator",English,Newark,Online,"PSA positions journalism as a civic tool and creates a pipeline for a new cadre of local journalists of color representing their geographic and ethnic communities. ",Josie Gonsalves - Founder and Executive Director,"News. environment, arts & culture",,,https://www.publicsq.org/,,2021
Essex Forum,Amanda Alicea,,LCNC: sn88071370/ OCLC: 18514779,Newspaper,Biweekly,"Target Audience: African American
",,,,,,,42,,English,East Orange,Print,"""A weekly newspaper serving Orange, Montclair and E. Orange,"" June 29, 1972-<July 26, 1973>; ""A biweekly newspaper serving Metropolitan Essex County,"" <Feb. 14-Mar. 21, 1972>",Multi-Linear Publications,News,,,https://www.loc.gov/item/sn88071370/,?,1972
The Franklin Voice,Amanda Alicea,,OCLC no. 36814737,Newspaper/Periodicals,Monthly,,,,,,,,44,Editor: Paula McCoy-Pinderhughes,English,Somerset,Print,,Paula McCoy-Pinderhughes,Newspaper,,,https://search.worldcat.org/title/36814737,,1996
Apex News,Amanda Alicea,,"OCLC no. 32234574

",Periodicals,Quarterly,,,,,,,,45,Editor: Archie J. Morgan.,English,Atlantic City,Print,"""The national magazine for Apex beauticians and agents.”",Apex Publishing Co.,"Fashion, Family, Marriage, Interior Decorating, General Interest, Poetry",,,https://archive.org/details/africanamericanne00dank/page/46/mode/2up?view=theater,1940?,1929
Artz,Amanda Alicea,,OCLC no. 33107872,"Periodicals, photographs",Monthly,,,,,,,,47,"Editors: Lorraine Davis Hickman, Mar-Sept 1992; Jan M. Edgerton-Johnson, Oct 1992-Summer 1993",English,Plainfield,Print,"""The entertainment magazine.""

",City News Publishing Co.,"Art, Entertainment",,,https://archive.org/details/africanamericanne00dank/page/50/mode/2up?view=theater,1993?,1991
The African Voice,Amanda Alicea,,OCLC no. 29338865,Periodicals,Monthly,,,,,,,,46,,English,Camden,Print,,The Black Cooperative Association,"Politics, Rutgers University (Camden, NJ), Africa, Book reviews, Community newsletter.",,,,?,1972?
At the Crossroads,Amanda Alicea,,,Periodicals,Six times a year,,,,,Crossroads Theatre Company,Theatre actors/performers,,49,Ernie Johnston,English,New Brunswick,Print,,Crossroads Theatre Company,"Drama, Crossroads Theatre Company",,,,,1997
CFUN News,Amanda Alicea,,OCLC no. 30752732,Periodicals,Unknown,,,,,,,,51,Previous editor(s): Imamu Amiri Baraka.,English,Newark,Print,,I.A. Baraka,"Politics, Education, Spirituality",,,,1971?,1970?
MC Squared,Amanda Alicea,,,"Comic book, strips, etc.",Unknown,,,,$2/issue.,,,,53,,English,Piscataway,Print,,"POSRO, Inc.","Comic books, strips, etc.",,,,,1991
Black Journal,Amanda Alicea,,,Uncataloged serials,Monthly,,,,,Jersey City State College,College students,,52,Previous editor(s): Bruce Mansa,English,Jersey City,Print,,"Jersey City State College, Affican/AfroAmerican Studies Center","African-American studies, Colleges and Universities — Students",,,,?,1979?
"Ash Can ",Amanda Alicea,,OCLC no. 29252904,"Periodicals, line drawings, photographs",Monthly,,,,"The enrollees in this particular C.C.C. camp appear to have been entirely African American

",,Civilian Conservation Corps.,,48,Previous editor(s): Bertram Totten. Superseded by: Penn Crusader,English,Chatsworth,Print,,"Civilian Conservation Corps, Company 1284-C",Civilian Conservation Corps.,,,https://archive.org/details/africanamericanne00dank/page/50/mode/2up,"June, 1935",1935
Journal of African American Men,Amanda Alicea,,,,Quarterly,,,,,,,,54,,,New Brunswick,,,,"Men, Research, Sociology",,,,,1995
New Jersey Deadline,Amanda Alicea,,OCLC no. 35268934,Periodicals,Biweekly,,,,,,,,50,Previous editor(s): Harry B. Webber,English,Newark,Print,,"Published by Deadline Publishing Company, Inc.","Entertainment, Profiles",,,,,
Black Women's United Front Newsletter,Amanda Alicea,,,,,,,,,,,,60,,,Newark,,,,"Women, Education, Prison reform, Economics, Book reviews",,,,,1976
Yes: Youth Excited About Success,Amanda Alicea,,OCLC no. 28447340,Newspaper,Nine times a year,,,,,,High school students,,58,Editor: Jan M. Edgenton Johnson,English,Plainfield,Print,“The magazine of the new generation.”,"Yes Communications, Inc.",High schools — Students,,,,,1994?
Point Breeze Rugcuttings,Amanda Alicea,,OCLC no. 277249509,Newspaper,Monthly,,,,Superseded by: Dias Creek Echo,Civilian Conservation Corps,Civilian Conservation Corps (U.S.) Officials & employees,,55,"Previous editor(s): George Butler. ",English,Cape May,Print,,"Civilian Conservation Corps, Company 1275-C",Civilian Conservation Corps,,,,1938,1938
The Ironsides Echo,Amanda Alicea,,OCLC no. 13805747,Magazine/Periodicals,Monthly,,,,,Bordentown Manual Training School,Students,,57,,English,Bordentown,Print,,Bordentown Manual Training School,"Bordentown Manual Training School, Education (Secondary)",,,,1955,1917?
En Avant,Amanda Alicea,,,,,,,,,,,,59,,,Newark,,,,"Haiti, Politics, Liberation movements",,,,,1972?
The Union Messenger,Amanda Alicea,,,Newspaper,Unknown,,,,,,,,56,,English,Camden,Print,,U.A.M.E. Church,"African Methodist Episcopal Church, Religion",,,,?,1979?
The National Political Science Review,Amanda Alicea,,OCLC no. 17223548,Periodicals,Annual,,,,Some issues have distinctive title.,"National Political Science Review, Rutgers University, New Brunswick, NJ",Students,,61,Editor: Matthew Holden Jr.,English,New Brunswick,Print,,National Conference of Black Political Scientists,Politics,,,,,1989
Spirit: The Guide to the Soul,Amanda Alicea,,,Newspaper,Six times a year,,,,,,,,65,Editor: Natasha Munson,English,Plainfield,Print,,,"Spirituality, Lifestyle",,,,,1996
MEDIC News,Amanda Alicea,,,Periodicals,Quarterly,,,,,,,,68,Previous editor(s): Carolyn Odom,English,Newark,Print,,"Minority Economic Development Industrial and Cultural Enterprise, Inc. ","Business, Economic development",,,,?,1971
Afro-American Festival of the Arts Magazine,Amanda Alicea,,OCLC no. 37049846,"Poetry, short stories, essays",Unknown,,,,,,,,62,Yusef Iman,English,Newark,Print magazine,,Yusef Iman,"Poetry, Short stories, Essays",,,,?,1966?
Black Racers Yearbook,Amanda Alicea,,OCLC no. 33901207,Biographies/periodicals,Annual,,,,"Content: Reginnal Regal racing team, Rapid Ronnie LylesMalcolm Durham, Wendell ScottRufus ""Heavy"" Boyd",,Racers,,64,,English,Trenton,Print,,Black American Racers Association,Automobile racing,,,,?,1974
Today's Black Woman,Amanda Alicea,,,,Nine times a year,,,,,,,,63,,,Paramus,,,,"Women, General interest, Beauty, Fashion, Careers, Economics",,,,,1995
Bronze Thrills,Amanda Alicea,,OCLC no. 7645384,Periodicals,Monthly,,,,Superseded by Intimacy,Superseded by: Intimacy,,,67,"Previous editor(s): Adelle Jackson; Edna K. Turner, Jan 1955; Eunice Wilson",English,Dover,Print,,Sepia Publishing Company,Confession stories,,,,1981?,1952?
Jersey Camera,Amanda Alicea,,OCLC no. 35047555,Periodicals,Monthly,,,,,,,,66,,English,Newark,Print,"""Magazine for the home.”",Jersey Camera Publishing Co,"Profiles, Fraternal organizations",,,,?,1951
Utimme Umana/La Voz Oculta,Amanda Alicea,,OCLC no. 47772945,Newspaper,Six times a year,,,,,Trenton State College,African American and Hispanic American students at Trenton State College,,73," Previous editor(s): Kingsley Ugorji, Nov/Dec 1985Apr/May 1986; Curt Broadway, Fall 1986-Dec/Jan 1986/87; Kris Tucker, Feb-Mar 1988; Faith Pennant, Sept/Oct 1989; Hore Caldwell, Nov/Dec 1989; Will A. Mitchell, Apr 1990; Raeshell Carter, Spring 1991; Michael C. Burton, Feb- Apr 1992; Anthony Maddot, Nov 1993. ",English,Trenton,Print,,Trenton State College,"Education (Higher), Colleges and universities",,,,?,1968
Hours After,Amanda Alicea,,OCLC no. 35268993,Periodicals,Biweekly,,,,,,,,72,Previous editor(s): Tiny Prince,English,Newark,Print,“The picture guide to entertainment.”,"B.K. & L. Printing Co. ",Entertainment,,,,?,1951?
The Missionary Magazine,Amanda Alicea,,,,Bimonthly,,,,,,,,71,,,Pleasantville,,,,"African Methodist Episcopal Church, Missions, Religion, Profiles",,,,,1952?
Deliverance Voice,Amanda Alicea,,,Periodicals,Unknown,,,,,,,,70,Previous editor(s): Ralph Michel,English,Newark,Print,,Published by Deliverance Publishing House,Religion,,,,?,1967?
The Cricket: Black Music in Evolution,Amanda Alicea,,OCLC no. 2259919,Periodicals,Unknown,,,,,,"Musicians, Poets",,69,"Previous editor(s): Le Roi Jones, Amamu Baraka, Larry Neal, A. B. Spellman",English,Newark,Print,,Published by Jihad Publications,"Music, Poetry, Short stories, Music reviews",,,,1969,1969
Bootstrap,Amanda Alicea,,,Newsletters,Unknown,,,,,,,,74,Previous editor(s): Bernard H. Saperstein,English,Newark,Print,,Interracial Council for Business Opportunity,"Money, Investments, Economics, Finance, Business",,,,August/September 1983?,1981
The Hiram Star-News,Amanda Alicea,,,Newspaper/Periodicals,Biweekly,,,,,,,,79,,English,Vauxhall,Print,,Hiram Star-News Publishing Co.,"Community newsletter, King Hiram's Craftsmen Center",,,,?,1947?
Newark Community Union Project News,Amanda Alicea,,OCLC no. 261342029,Newsletter/Periodicals,Irregular,,,,Variant title(s): Newark Community Union Project Newsletter,Students for a Democratic Society (NCUP-SDS),College students,,76,,English,Newark,Print,,Newark Community Union Project,Housing,,,,1965?,1963?
Black New Jersey Magazine,Amanda Alicea,,OCLC No. 36835907,Periodicals,Bimonthly,,,,,,,,77,Previous editor(s): Barbara Johnson,English,Atlantic City,Print,,BAC Pub,"Business, New Jersey media",,,,,1988?
The Network: The Newsletter of the African-American Institute of Islamic Research,Amanda Alicea,,OCLC: 50248998,Uncataloged serials,Six times a year,,,,,,,,75,Editor: Zain A. Abdullah,English,Newark,Print,,African-American Institute of Islamic Research,Islam,,,,,1991
Fire II,Amanda Alicea,,OCLC no. 29551936,Literary Magazine/Periodicals,Annual,,,,,Trenton State College,,,80,Previous editor(s): Gabrielle Lynn McLemore,English,Trenton,Print,,"Trenton State College, Fire II Publications","Poetry, Short stories, Essays, Art",,,,?,1975?
Fotorama,Amanda Alicea,,,Magazine,Bimonthly,,,,,,,,78,,English,River Edge,Print,,"Swank Publications, Inc.",Sex,,,,,1993
Right On! Focus,Amanda Alicea,,OCLC no. 9333775/LC card no. sn83-556,Newspaper,Quarterly,,,,,,,,83,Previous editor(s): Cynthia M. Horner,English,Cresskill,Print,,"DS Magazine, Inc. ","Television comedies, Television broadcasting",,,,?,1982?
Starline,Amanda Alicea,,OCLC no. 36223142,Newspaper,Monthly,,,,,,,,86,Editor: Mary Anne Cassata,English,Paramus,Print,,"Starline Publications, Inc. ","Rap (Music), Rock music, Music",,,,,1987?
"Black Book Connection, Inc. Newsletter",Amanda Alicea,,OCLC no. 30786651.,Bibliographies/Periodicals,Bimonthly,,,,,,"Authors, readers",,85,,English,West Orange,Print,"“Your link to Black authors, Black titles, and Black concerns.”","The Black Book Connection, Inc.","Book reviews, Calendar, Books and reading",,,,,1992
ONI,Amanda Alicea,,OCLC no. 37974207,Newsletter,Unknown,,,,,International Black Women’s Congress,African American Women,,81,"Editor: Rhashidah Elaine McNeill, Previous editor(s): Elaine McNeill Rhashidali",English,Newark,Print,,International Black Women’s Congress (IBWC),"Networking, Women, Politics, Business",,,,,1988
Hype Hair,Amanda Alicea,,OCLC no. 29290682,Periodicals,Bimonthly,,,,,,,,82,Editor: Marcia A. Cole,English,Paramus,Print,,Word Up! Video Productions,Hairdressing,,,,,1993
Unity and Struggle,Amanda Alicea,,OCLC no. 5591021/LC card no. sn91-64001,Newspaper,Monthly,"Unity & Struggle began as Black NewArk, the local newspaper of the Committee For Unified Newark (CFUN), in April 1968. When the Congress of Afrikan People was established in early 1974 the paper's name was changed to Unity & Struggle. The paper continued under that name when the organization changed its name to the Revolutionary Communist League (M-L-M).",,,$12.50 for individuals and institutions.,,,,84,,English,Newark,Print,‘The Struggle Continues”,Committee for Unified Newark,"Socialism, Black Liberation movement, Politics, Education, Employment, Housing, Health",,,https://www.marxists.org/history/erol/periodicals/unity-struggle/index.htm,,1972
Sixty Niner,Amanda Alicea,,OCLC no. 30066660,Newspaper,Monthly,,,,"Variant title(s): Fighting 35 News. Flash
Publication was briefly renamed ""Flash"" in December, 1937. By December, 1938 the title was once again ""Sixty niner.”",Civilian Conservation Corps,Civilian Conservation Corps,,89,"Previous editor(s): Philip Brown, Oct 1936; Roy Calloway, May 1937; Carl Boyd, Dec 1938; James Roberson, Nov 1940-Feb 1941. ",English,New Lisbon,Print,,"Civilian Conservation Corps, Company 235",Civilian Conservation Corps,,,,1941?,1936
The Literary Griot,Amanda Alicea,,OCLC no. 20441085,Periodicals,Two times a year,,,,"Place of publication varies: Indiana, PA; Paterson, NJ. 
Each issue also has a distinctive title.",,,,91,Editor: Ousseynou B. Traore,"English, French, African languages",Fort Wayne,Print,“International journal of black oral and literary studies.”,International Journal of Black Expressive Cultural Studies,"Literature, Short stories, Oral history, Poetry, Art, Film, Theater, Music",,,,,1988
The Little Ease Echo,Amanda Alicea,,OCLC no. 29355449,Magazine/Periodicals,Monthly,,,,Supersedes: Dias Creek Echo,Civilian Conservation Corps.,,,90,"Previous editor(s): Robert Toomer, Dec 1938-June 1939; Joseph Moore, July 1939; Timothy Fenner, Aug-Sept 1939. ",English,Glassboro,Print,,"Civilian Conservation Corps, Company 1275-C",Civilian Conservation Corps.,,,,1939,1938
Just for Black Men,Amanda Alicea,,OCLC no. 35199673/LC card no. sn96-2406,Periodicals,Bimonthly,,,,,,African American Men,,88,Editor: Kate Ferguson,English,Paramus,"Print ",,John Blassingame,"Men, Health, Fitness, Art, Entertainment, Lifestyle, Sports",,,,,1996
Camp Cooper Chats,Amanda Alicea,,"OCLC no. 29465047, 29403521.",Publications,Monthly,,,,"Originally designated ""Camp 25,"" the camp was given the designation ""SP-10"" ca. May, 1934",Civilian Conservation Corps,Civilian Conservation Corps,,87,"Previous editor(s): E. T. Miller, Dec 18 1935-Aug 20 1936; Robert R. Toomer, Oct 20 1936-June 30 1937",English,Glen Ridge,Print,,"Civilian Conservation Corps, Company 1275-C",Civilian Conservation Corps,,,,1937,1935
Braids & Beauty,Amanda Alicea,,OCLC no. 30888338,Periodicals,Quarterly,,,,,,,,92,,English,Paramus,Print,,Word Up! Video Productions,"Hairdressing, Women, Beauty",,,,1995?,1994
Dias Creek Echo,Amanda Alicea,,OCLC no. 29355552,Volumes,Monthly,,,,Supersedes: Point Breeze Rugcuttings,Civilian Conservation Corps,Civilian Conservation Corps,,94,Previous editor(s): Robert Toomer,English,Cape May,Print,,"Published by Civilian Conservation Corps, Company 1275-C",Civilian Conservation Corps,,,,1938,1938
Rifle Ranger,Amanda Alicea,,OCLC no. 277250656,Newspaper,Unknown,,,,"Superseded by: Star-gazer. ",,Civilian Conservation Corps,,97,,English,Fort Dix,Print,,"Civilian Conservation Corps, Company 3263-C. ",Civilian Conservation Corps,,,,1938,1938
Right On!,Amanda Alicea,,,,Monthly,,,,,,,,95,,,Cresskill,,,,"Music, Hip hop culture",,,,,1971
Try It Yourself Hair!,Amanda Alicea,,CLC no. 29290810,Newspaper/Periodicals,Bimonthly,,,,"Place of publication varies: River Edge, NJ. ",,,,93,"Editor: Adrienne Moore
Previous editor(s): Marcia Cole",English,Paramus,Print,,Word Up! Video Productions,"Hairdressing, Beauty, Fashion",,,,,1993
Right On! Presents Class,Amanda Alicea,,,,Six times a year,,,,,,,,96,,,Cresskill,,,,"Lifestyle, General interest",,,,,1983
Kuumba: The Black Voice Magazine,Amanda Alicea,,,Magazine,Monthly,,,,,,,,100,Previous editor(s): Inga Watkins.,English,New Brunswick,Print,,Black Voice,"Poetry, Short stories, Photography",,,,1975,1974
Black Voice/Carta Boricua,Amanda Alicea,,n/a,Periodicals,Weekly,,,"To help Black and Latinx students develop social, cultural, and political consciousness within the community. ","Black Voice/Carta Boricua (BV/CB) is a campus-wide newspaper at https://slwordpress.rutgers.edu/wp-content/uploads/sites/88/2015/08/RU_Latino-July_8_2010.pdf, originally two separate newsletters, Black Voice and Carta Boricua, that merged in 1974. ",Rutgers University,"College students, hispanics",,98,"Kim Robinson, Editor","English, Spanish",Piscataway,Print,"The newspaper is produced by and for Black and Latinx students, with the goal of ""Break the Chains of Ignorance"" and to develop social, cultural, and political consciousness within the community. ",Paul Robeson Cultural Center,"Hispanics, Rutgers University, Colleges and universities — Students",,,,"? ",1970?
Black Caucus of ALA Newsletter,Amanda Alicea,,,,Bimonthly,,,,,,,,99,,,,,,,"Libraries, Education",,,,,1971
Camp Berlin Broadcast,Amanda Alicea,,OCLC no. 29403842,Publications,Irregular,,,,,Civilian Conservation Corps.,Civilian Conservation Corps.,,102,"Previous editor(s): A. W. Reed Jr.,
Nov 24 1934-Feb 14 1935; Ellsworth Miller, Apr 1935.",English,Berlin,Print,,"Civilian Conservation Corps, Company 1275-C",Civilian Conservation Corps,,,,April 1935,1934?
New Jersey After Hours,Amanda Alicea,,OCLC no. 30761534,Periodicals,Weekly,,,,,,,,101,Previous editor(s): Harry B. Webber,English,Newark,Print,,"After Hours, Inc.",Entertainment,,,,?,1949?
Ujamaa: Journal of the Black Students Union,Amanda Alicea,,,Newspaper,Quarterly,,,,,William Paterson University,College students,,103,"Previous editor(s): Lester Forrester, Jan 1974; Eva Byrd, Jan 1974.",English,Wayne,Print,,"William Paterson College, Department of Black Studies","Colleges and universities — Students, African-American Studies, Poetry, Short stories",,,,?,1971?
Update,Amanda Alicea,,,Newspaper,Unknown,,,,,,,,104,,English,Newark,Print,“A publication of the New Jersey Black Issues Convention.”,New Jersey Black Issues Convention,"Politics, Race relations, New Jersey Black Issues Convention",,,,?,1983?
Primer,Amanda Alicea,,,Newspaper,Bimonthly,,,,,,,,105,Previous editor(s): Everette T. Christmas,English,East Orange,Print,,Published by National Conference of Black and Non-White YMCA Laymen,"National Conference of Black and Non-White YMCA Laymen, Young Men’s Christian Association (YMCA) ",,,,1978,1973
The Black Voice,Amanda Alicea,,OCLC no. 17008478,Periodicals,Monthly,"Its stated purpose was ""to help educate, expose, inform, and even agitate our fellow workers out of a feeling of complacency and frustration. Its further purpose is to assist in dealing realistically with the many problems facing workers on the job, in the community and around the world.”

United Black Workers was an organization of workers at the Ford Mahwah Assembly plant in New Jersey in the early 1970s.",,,Scattered articles in Spanish.,,,,107,,English,Newark,Print,,United Black Workers,"Labor, Trade unions, United Black Workers",,,,March 1975?,1970
Educational Perspectives,Amanda Alicea,,OCLC no. 38192785,Periodicals,Annual,,,,,Phi Delta Kappa Sorority,"Phi Delta Kappa Sorority, students",,108,Previous editor(s): Rebecca Batts Butler,English,Cherry Hill,Print,,"Published by National Sorority of PhiDelta Kappa, Inc. Eastern Region","Phi Delta Kappa Sorority, Education, Fraternities and sororities",,,,1985?,1978?
NJ-AAHGS Newsletter,Amanda Alicea,,OCLC no. 28388925,Newsletter/Periodicals,Monthly,,,,Variant title(s): AAHGS Newsletter,,,,106,Editor: Elizabeth Peale Johnson,English,Jersey City,Print,,"New Jersey Chapter, Afro-American Genealogical Society, Inc.",Genealogy,,,,,1989
Ngoma,Amanda Alicea,,OCLC no. 30787115,Periodicals,Unknown,,,,,,Students,,111,,"English, some Swahili",Newark,Print,,Harambee Organization,"Politics, Education, Poetry, Nutrition, Swahili",,,,?,1971
Wait,Amanda Alicea,,OCLC no. 36179394,Newspaper/Periodicals,Monthly,,,,,,,,113,Previous editor(s): George S. Adams Jr.,English,Trenton,Print,,A & S Publishing Company,"Beauty, Fashion, Entertainment",,,,?,1961?
Captain Africa,Amanda Alicea,,OCLC no. 29247918,"Comic books, strips",Unknown,,,,,,,,112,,English,Glen Ridge,Print,,African Prince Productions,"Comic books, strips, etc.",,,,1994,1992
The Liberator,Amanda Alicea,,,Print,Unknown,,,,,Middlesex County College,Students,,109,Previous editor(s): Linda Cunningham,English,Edison,Print,,"Middlesex County College, Central New Jersey Urban Journalism Workshop.","Journalism, Middlesex County College, Colleges and universities — Students",,,,?,1970
Perspectus News Magazine,Amanda Alicea,,OCLC no. 20925105/LC card no. sn90-2907,News Magazine,Monthly,,,,,,,,110,,English,East Orange,Print,,The Perspectus Group,Lifestyle,,,,?,1989
Inner City Products,Amanda Alicea,,OCLC no. 27832522,"Comic book, strips",Quarterly,,,,,,,,117,Editor: Donnette Bishop Johnson,English,Piscataway,Print,Near-future corporate super-villains (Inner-city Products) attempt to undo African American social progress by time-traveling to the late 20th century to thwart hip-hop culture.,"Hype Comics, Inc.","Comic books, strips, etc.",,,,,1991
Testimony: A Journal of African-American Poetry,Amanda Alicea,,OCLC no. 37883333,Periodicals,Quarterly,,,,,,,,121,Editor: Sandra West,English,Montclair,Print,," Sandra West","Poetry, Art, Photography",,,,,1987
Monthly Black Periodicals Selection Review,Amanda Alicea,,,Periodicals,Monthly,,,,,,,,115,,English,Newark,Print,,True Connection Subscription Agency,"Bibliography, Periodicals",,,,?,1973?
Write On Newsletter,Amanda Alicea,,OCLC no. 50698280,Newsletter,Quarterly,,,,,,,,120,Previous editor(s): Veona Thomis,English,Saddle Brook,Print,,Rejoti Publishing,"Publishers and publishing, Authors, Poetry, Short stories",,,,?,1985
Word Up!,Amanda Alicea,,OCLC no. 21278914/LC card no. sn91-1930,Newspaper,Monthly,,,,"Place of publication varies: New York, NY.",,,,114,Editor: Kate Ferguson,English,Paramus,Print,,Scott Mitchell Figman,"Music, Rap music",,,,,1990
Black Atlantic City Magazine,Amanda Alicea,,OCLC no. 36831017,Uncataloged periodicals,Six times a year,,,,,,,,119,Previous editor(s): J. H. Lyles-Belton.,English,Atlantic City,Print,,"BAC Publishing, Inc. ","General interest, Entertainment, Atlantic City, NJ",,,,?,1978
The Jersey Heritage,Amanda Alicea,,OCLC no. 25846047,Periodicals,Quarterly,,,,,,,,116,Previous editor(s): Elizabeth Peale Johnson,English,Jersey City,Print,“A celebration of African American history & genealogy.”,"Afro-American Historical and Genealogical Society, Inc., New Jersey Chapter.","Genealogy, History",,,,1996,1992
Gospel Today Magazine,Amanda Alicea,,,,Bimonthly,,,,,,,,118,,,Fort Lee,,,,"Gospel music, Music, Religion, Book reviews, Video reviews",,,,,1990
The Hart Fund,Amanda Alicea,,OCLC no. 30762324,Periodicals,Unknown,,,,,Democratic Party,Democratic Party,,122,William S. Hart,English,Newark,Print,,The People with William S. Hart for Congressman,"Democratic Party, William S. Hart, Politics.",,,,?,1972
Black Hair Digest,Amanda Alicea,,OCLC no. 29736714,"Periodicals ",Unknown,,,,,,,,125,"Previous editor(s): Natasha A. Brooks-Everett. ",English,River Edge,Print,,Word Up! Video Productions,"Hairdressing,

Beauty, Fashion",,,,,1993
Black Women’s United Front Newsletter,Amanda Alicea,,OCLC no. 30791066,"Periodicals, Newsletters",Unknown,,,,,,,,126,,English,Newark,Print,“Abolition of every possibility of oppression and exploitation that’s our slogan!”,Black Women’s United Front,"Women, Education, Prison reform, Economics, Book reviews.",,,,?,1976?
" Black Truth Bulletin",Amanda Alicea,,OCLC no. 43584250,"Periodicals, Slavery Caribbean Area Periodicals ",Unknown,,,,,,,,127,,English,Unknown,Print,,National Joint Action Committee?,"History, Pan-African-ism",,,,?,1978?
The Black Sociologist,Amanda Alicea,,OCLC no. 17011265,Periodicals,Quarterly,,,,,,,,123,,English,New Brunswick,Print,,Transaction Periodicals Consortium,"Sociology, Sociological Abstracts; Social Welfare, Social Planning/Policy & Social Development. ",,,,Spring/Summer 1982,1972?
The Best of Rap & R&B,Amanda Alicea,,,Uncataloged serials,Bimonthly,,,,,,Music enthusiasts?,,124,"Nathasha Brooks-Everett, Editor",English,Paramus,Print,,"Word Up! Publications, Inc.","Music, Hip hop culture, Rap music, Rhythm and Blues ",,,,,1988
Newark Black Newspapers Collection | Digital Collections,,,,,,,,,,,,,128,,,,,,,,,,https://collections.libraries.rutgers.edu/newark-black-newspapers,,
The Connection Newspaper,Amanda Alicea,,OCLC no. 18514803,Newspaper/Periodicals,Weekly,,,,,,,,131,Editor: Ralph F. Johnson,English,Teaneck,Print,"""News from a Black perspective.""
""Largest African-American weekly newspaper in New Jersey.”",Published by Ralph F. Johnson,Newspaper,,,,?,1982
Corporate Headquarters,Amanda Alicea,,OCLC no. 16218293,Periodicals,Quarterly,,,,,,Businesspeople,,132,Previous editor (s): Terri Fisher,English,Westfield,Print,"""A world class publication.”"," Published by Harold E. Fisher","Business, Education (Higher), Careers, Employment, Corporations — Employment.",,,,1991?,1985?
Club World: Newsmagazine,Amanda Alicea,,OCLC no. 36218068,Periodicals,Bimonthly,,,,,"News about African American social clubs, professional groups, alumni/alumnae associations, and fraternal organizations in the Newark, N.J. metropolitan area; includes society notes and wedding","African American social clubs, professional groups, alumni/alumnae associations, and fraternal organizations in the Newark, N.J. metropolitan area",,129,Previous editor(s): Sally Cooke Young,English,East Orange,Print,,"Scott, Young","General interest, Clubs, Calendar.",,,,?,1955?
Communique: Quarterly Newsletter of the New Jersey Coalition of 100 Black Women,Amanda Alicea,,,Newsletter/periodicals,Quarterly,,,,,New Jersey Coalition of 100 Black Women,Women,,130,Previous editor (s): Pamela Miller,English,East Orange,Print,,Published by New Jersey Coalition of 100 Black Women,"Women, Art, Education, Profiles, Careers.",,,,?,1983
Rap Masters: Reader’s Choice,Amanda Alicea,,OCLC no. 23716577/LC card no. sn91-1925,Newspaper/Periodicals,Monthly,,,,"Publisher varies: Scott Mitchell Figman. 
Place of publication varies: River Edge, NJ.",,,,135,Previous editor: Kate Ferguson,English,Paramus,Print,,"Word Up! Publications, Inc.",Rap Music,,,,,1990
En Avant: Bulletin pour le development de la mobilisation patriotique,Amanda Alicea,,OCLC no. 30793980,Magazine/Periodicals,Unknown,,,,,,,,134,,French,Newark,Print,," En Avant!","Haiti, Politics, Liberation movements",,,,?,1972
Penn Crusader,Amanda Alicea,,OCLC no. 29252764,Newspaper,Monthly,,,,"Supersedes: Ash Can.
The enrollees in this particular C.C.C. camp appear to have been entirely African American",Civilian Conservation Corps.,Civilian Conservation Corps.,,136,"Previous editor(s): R. Johnson, Nov-Dec 1936; Martin Murray, Feb-Apr 1937; R. Lowe, June 1937; Sylvester Moore, July 8c Nov 1937; J. W. Brown, Sept-Oct 1937 & Feb, Mar 1938; R. Davis, Apr 1938; James W. Richardson, May 1938-Feb 1939",English,Chatsworth,Print,,"Published by Civilian Conservation Corps, Company 1284-C",Civilian Conservation Corps.,,,,1940,1936
Freedom Reports,Amanda Alicea,,OCLC no. 11733840,Newsletter,Monthly,,,,,,African Americans,,133,,English,Newark,Print,,United Committee for Political Freedom,"Politics, Civil rights",,,,?,1966
Pine Needle,Amanda Alicea,,OCLC no. 809384491,Newspaper,Monthly,,,,"Variant title(s): Camp Pack News. ",Civilian Conservation Corps.,Civilian Conservations Corps (U.S) Officials and employees,,137,"Previous editor(s): Charles E. Browne, Oct 31 -Dec 15 1935; Arvin Cooper, Jan 20 1936; Theodore Greene, Feb 26 June 30 1936; Milledge Cato, Feb-Aug 1937; Marvello Gilbert, Jan- Apr 1938, May- Aug 1939, Jan 1940; Albert E. Strange, May 1938; John W. Wright, July-Nov 1938 , Perry Andrews, Dec 1938 & Dec 1939; Eugene Mickens, Jan-Feb 1939.",English,New Lisbon,Print,,"Civilian Conservation Corps, Company 0237-C. ",Civilian Conservation Corps,,,,1940?,1936
Today’s Black Woman,Amanda Alicea,,OCLC no. 32867618,Newspaper/Periodicals,Nine times a year,,,,"$18 for individuals and institutions. 
Frequency varies: Bimonthly",,,,138,Editor: Kate Ferguson,English,Paramus,Print,,John Blassingame,"Women, General interest, Beauty, Fashion, Careers, Economics",,,,,1995